coefficient: 	page	access#	AVF	wr_ratio
page	1.0	0.05671946907604618	-0.31239989768677406	0.03396121378327639
access#	0.05671946907604618	1.0	0.2895106946696632	0.7156798345437028
AVF	-0.31239989768677406	0.2895106946696632	1.0	-0.007697013642415878
wr_ratio	0.03396121378327639	0.7156798345437028	-0.007697013642415878	1.0
