page	line_AVF
24884927570.0	0.39719486
24884927571.0	0.47109208
24884927578.0	0.3972446
24884927579.0	0.51484185
24884927580.0	0.8905274
24884927581.0	0.89058
