page	line_AVF
24884927552.0	0.38858974
52584053136.0	0.25382248
52584053138.0	0.4670111
