page	line_AVF
24884927597.0	0.15786864
24884927598.0	0.19596118
24884927600.0	0.4063065
24884927601.0	0.41586235
24884927602.0	0.38186565
24884927603.0	0.5802774
24884927604.0	0.59845936
24884927605.0	0.44955677
24884927606.0	0.7222746
24884927607.0	0.73150736
24884927608.0	0.68888146
24884927609.0	0.8790754
24884927610.0	0.896215
24884927611.0	0.835009
