page	access#	AVF	wr_ratio	wr#	rd#	mean_AVF	page_wr_ratio
24884927552	30	11.65769160918325	0.0	0	30	0.38858972030610833	0.0
52584053136	12	3.045869570517418	0.0	0	12	0.2538224642097848	0.0
52584053138	18	8.406199695626558	0.0	0	18	0.46701109420147546	0.0
