page	access#	AVF	wr_ratio	wr#	rd#	mean_AVF	page_wr_ratio
24884927570	35	13.901820664949463	0.0	0	35	0.39719487614141324	0.0
24884927571	9	4.239828658940105	0.0	0	9	0.47109207321556723	0.0
24884927578	35	13.903560826099186	0.0	0	35	0.3972445950314053	0.0
24884927579	8	4.118734967141751	0.0	0	8	0.5148418708927188	0.0
24884927580	9	8.014746613602622	0.0	0	9	0.8905274015114024	0.0
24884927581	9	8.015220077721008	0.0	0	9	0.8905800086356676	0.0
