,access#,line_AVF_average,line_AVF_std
24884927570.0,35.0,0.39719486,0.22870186
24884927571.0,9.0,0.47109208,0.3006782
24884927578.0,35.0,0.3972446,0.22869992
24884927579.0,8.0,0.51484185,0.27185982
24884927580.0,9.0,0.8905274,0.06054676
24884927581.0,9.0,0.89058,0.06053401
gmean,,0.5935801,0.19183677
