	access#	AVF	wr_ratio	wr#	rd#	mean_AVF	page_wr_ratio
access#	1.0	0.9263918059277024			1.0	-0.6375093723019566	
AVF	0.9263918059277024	1.0			0.9263918059277024	-0.30054281143005973	
wr_ratio							
wr#							
rd#	1.0	0.9263918059277024			1.0	-0.6375093723019566	
mean_AVF	-0.6375093723019566	-0.30054281143005973			-0.6375093723019566	1.0	
page_wr_ratio							
