	access#	AVF	wr_ratio	wr#	rd#	mean_AVF	page_wr_ratio
access#	1.0	0.8065422747188866			1.0	0.10242520757784557	
AVF	0.8065422747188866	1.0			0.8065422747188866	0.5094297157266287	
wr_ratio							
wr#							
rd#	1.0	0.8065422747188866			1.0	0.10242520757784557	
mean_AVF	0.10242520757784557	0.5094297157266287			0.10242520757784557	1.0	
page_wr_ratio							
