	access#	AVF	wr_ratio	wr#	rd#	mean_AVF	page_wr_ratio
access#	1.0	0.29268523727450224	0.7212063361996027	0.9161337260950764	0.6712446323862856	0.28480170663136584	0.7391350428722485
AVF	0.29268523727450224	1.0	-0.0015277897185674621	0.13037054597616138	0.45120452121982985	0.9956181193479051	0.010859574353547534
wr_ratio	0.7212063361996027	-0.0015277897185674621	1.0	0.925137174920271	-0.0048133711773185334	-0.006639091728669941	0.9979295117618063
wr#	0.9161337260950764	0.13037054597616138	0.925137174920271	1.0	0.3178085452362992	0.12514388920633107	0.9223150283359522
rd#	0.6712446323862856	0.45120452121982985	-0.0048133711773185334	0.3178085452362992	1.0	0.4422225629658103	0.02291147406187788
mean_AVF	0.28480170663136584	0.9956181193479051	-0.006639091728669941	0.12514388920633107	0.4422225629658103	1.0	0.005558211007786783
page_wr_ratio	0.7391350428722485	0.010859574353547534	0.9979295117618063	0.9223150283359522	0.02291147406187788	0.005558211007786783	1.0
