	access#	AVF	wr_ratio	wr#	rd#	mean_AVF	page_wr_ratio
access#	1.0	0.784041653265627			1.0	-0.05212512147215024	
AVF	0.784041653265627	1.0			0.7840416532656271	0.26869980671104	
wr_ratio							
wr#							
rd#	1.0	0.7840416532656271			1.0	-0.05212512147215024	
mean_AVF	-0.05212512147215024	0.26869980671104			-0.05212512147215024	1.0	
page_wr_ratio							
