	access#	AVF	wr_ratio	wr#	rd#	mean_AVF	page_wr_ratio
access#	1.0	0.8240083948671704			1.0	0.04745637664549682	
AVF	0.8240083948671704	1.0			0.8240083948671703	0.5470598037207677	
wr_ratio							
wr#							
rd#	1.0	0.8240083948671703			1.0	0.04745637664549682	
mean_AVF	0.04745637664549682	0.5470598037207677			0.04745637664549682	1.0	
page_wr_ratio							
