	access#	AVF	wr_ratio	wr#	rd#	mean_AVF	page_wr_ratio
access#	1.0	0.7352938371463377	0.025434821647941707	0.025434821647941707	0.9986591375581529	-0.07079559489282498	-0.022531185775914363
AVF	0.7352938371463377	1.0	-0.03191607623623793	-0.03191607623623793	0.7369291579074714	0.48589242031462454	-0.053506284162842095
wr_ratio	0.025434821647941707	-0.03191607623623793	1.0	1.0	-0.026350546180440047	-0.04665186469875413	0.7459398722606835
wr#	0.025434821647941707	-0.03191607623623793	1.0	1.0	-0.026350546180440047	-0.04665186469875413	0.7459398722606835
rd#	0.9986591375581529	0.7369291579074714	-0.026350546180440047	-0.026350546180440047	1.0	-0.06837805936241	-0.05950091023372922
mean_AVF	-0.07079559489282498	0.48589242031462454	-0.04665186469875413	-0.04665186469875413	-0.06837805936241	1.0	-0.030451673150638736
page_wr_ratio	-0.022531185775914363	-0.053506284162842095	0.7459398722606835	0.7459398722606835	-0.05950091023372922	-0.030451673150638736	1.0
