	access#	AVF	wr_ratio	wr#	rd#	mean_AVF	page_wr_ratio
access#	1.0	0.873475375302147			1.0	0.10806431153809128	
AVF	0.873475375302147	1.0			0.8734753753021469	0.3896790541357467	
wr_ratio							
wr#							
rd#	1.0	0.8734753753021469			1.0	0.10806431153809128	
mean_AVF	0.10806431153809128	0.3896790541357467			0.10806431153809128	1.0	
page_wr_ratio							
