	access#	AVF	wr_ratio	wr#	rd#	mean_AVF	page_wr_ratio
access#	1.0	0.9115152579099215			1.0	0.2246457339964219	
AVF	0.9115152579099215	1.0			0.9115152579099215	0.5532665877340407	
wr_ratio							
wr#							
rd#	1.0	0.9115152579099215			1.0	0.2246457339964219	
mean_AVF	0.2246457339964219	0.5532665877340407			0.2246457339964219	1.0	
page_wr_ratio							
