	access#	AVF	wr_ratio	wr#	rd#	mean_AVF	page_wr_ratio
access#	1.0	0.945855980760012			1.0	0.4661190837467544	
AVF	0.945855980760012	1.0			0.945855980760012	0.7280504295828968	
wr_ratio							
wr#							
rd#	1.0	0.945855980760012			1.0	0.4661190837467544	
mean_AVF	0.4661190837467544	0.7280504295828968			0.4661190837467544	1.0	
page_wr_ratio							
