	access#	AVF	wr_ratio	wr#	rd#	mean_AVF	page_wr_ratio
access#	1.0	0.5584269615897706	0.3439522970616681	0.3439522970616681	0.9075290899753717	-0.015768469426758035	0.1664629417280621
AVF	0.5584269615897706	1.0	-0.24224069694527728	-0.24224069694527728	0.7010477692885466	0.6818499037988508	-0.17764376361998316
wr_ratio	0.3439522970616681	-0.24224069694527728	1.0	1.0	-0.0822177609046407	-0.36031756620941174	0.6857003391061993
wr#	0.3439522970616681	-0.24224069694527728	1.0	1.0	-0.0822177609046407	-0.36031756620941174	0.6857003391061993
rd#	0.9075290899753717	0.7010477692885466	-0.0822177609046407	-0.0822177609046407	1.0	0.14442627515805986	-0.12609355842253092
mean_AVF	-0.015768469426758035	0.6818499037988508	-0.36031756620941174	-0.36031756620941174	0.14442627515805986	1.0	-0.25380806119533766
page_wr_ratio	0.1664629417280621	-0.17764376361998316	0.6857003391061993	0.6857003391061993	-0.12609355842253092	-0.25380806119533766	1.0
