	access#	AVF	wr_ratio	wr#	rd#	mean_AVF	page_wr_ratio
access#	1.0	0.7758891963007446			1.0	0.0008852202504805548	
AVF	0.7758891963007446	1.0			0.7758891963007445	0.47021778689129123	
wr_ratio							
wr#							
rd#	1.0	0.7758891963007445			1.0	0.0008852202504805548	
mean_AVF	0.0008852202504805548	0.47021778689129123			0.0008852202504805548	1.0	
page_wr_ratio							
