	access#	AVF	wr_ratio	wr#	rd#	mean_AVF	page_wr_ratio
access#	1.0	0.632716181952861	-0.14038495101886223	-0.14349212962780594	0.9957032351232706	0.09527811803093413	-0.1794122022816193
AVF	0.632716181952861	1.0	-0.1853753988412886	-0.19485377458060632	0.6397348133387893	0.666431078765646	-0.16189852396652338
wr_ratio	-0.14038495101886223	-0.1853753988412886	1.0	0.9807206073344685	-0.22966286488314452	-0.1411786631308268	0.7363984903499883
wr#	-0.14349212962780594	-0.19485377458060632	0.9807206073344685	1.0	-0.23451894623293196	-0.13255323657672047	0.7357070610289441
rd#	0.9957032351232706	0.6397348133387893	-0.22966286488314452	-0.23451894623293196	1.0	0.10599247632202875	-0.24567289994067074
mean_AVF	0.09527811803093413	0.666431078765646	-0.1411786631308268	-0.13255323657672047	0.10599247632202875	1.0	-0.18032456781651254
page_wr_ratio	-0.1794122022816193	-0.16189852396652338	0.7363984903499883	0.7357070610289441	-0.24567289994067074	-0.18032456781651254	1.0
