	access#	AVF	wr_ratio	wr#	rd#	mean_AVF	page_wr_ratio
access#	1.0	0.8554555692455511	-0.011700704462041332	-0.011700704462041332	0.9999955593081298	-0.6583345687818153	-0.007836475183378095
AVF	0.8554555692455511	1.0	-0.014207782624801418	-0.014207782624801418	0.8554642830490704	-0.3568353848490461	-0.009758011927159376
wr_ratio	-0.011700704462041332	-0.014207782624801418	1.0	1.0	-0.014680610238688205	-0.08908372643331329	1.0
wr#	-0.011700704462041332	-0.014207782624801418	1.0	1.0	-0.014680610238688205	-0.08908372643331329	1.0
rd#	0.9999955593081298	0.8554642830490704	-0.014680610238688205	-0.014680610238688205	1.0	-0.6580431855395512	-0.010502830095759336
mean_AVF	-0.6583345687818153	-0.3568353848490461	-0.08908372643331329	-0.08908372643331329	-0.6580431855395512	1.0	-0.05548519733587258
page_wr_ratio	-0.007836475183378095	-0.009758011927159376	1.0	1.0	-0.010502830095759336	-0.05548519733587258	1.0
