	access#	AVF	wr_ratio	wr#	rd#	mean_AVF	page_wr_ratio
access#	1.0	0.713009088801555	0.7998955954614848	0.8224927979333934	0.9643551801089925	-0.05911503082313966	0.10811467413306829
AVF	0.713009088801555	1.0	0.27769197749419056	0.285179267107229	0.8277516646558712	0.3445375907379943	-0.12697418674652253
wr_ratio	0.7998955954614848	0.27769197749419056	1.0	0.9865958502225874	0.6184683206650402	-0.35372911077101726	0.42645433207374533
wr#	0.8224927979333934	0.285179267107229	0.9865958502225874	1.0	0.6426708168137814	-0.3292055723154768	0.3987844741399603
rd#	0.9643551801089925	0.8277516646558712	0.6184683206650402	0.6426708168137814	1.0	0.07352803713110444	-0.03741612587856295
mean_AVF	-0.05911503082313966	0.3445375907379943	-0.35372911077101726	-0.3292055723154768	0.07352803713110444	1.0	-0.42720417498169916
page_wr_ratio	0.10811467413306829	-0.12697418674652253	0.42645433207374533	0.3987844741399603	-0.03741612587856295	-0.42720417498169916	1.0
