	access#	AVF	wr_ratio	wr#	rd#	mean_AVF	page_wr_ratio
access#	1.0	-0.4646669996524063	0.8205475600409312	0.8205475600409312	0.4337036465800266	-0.5262253264241035	0.7259054734834972
AVF	-0.4646669996524063	1.0	-0.8031633326516382	-0.8031633326516382	0.4635414252177025	0.9802519522808206	-0.6408161139859264
wr_ratio	0.8205475600409312	-0.8031633326516382	1.0	1.0	-0.1591493036025793	-0.8359959630265686	0.7757964573508908
wr#	0.8205475600409312	-0.8031633326516382	1.0	1.0	-0.1591493036025793	-0.8359959630265686	0.7757964573508908
rd#	0.4337036465800266	0.4635414252177025	-0.1591493036025793	-0.1591493036025793	1.0	0.40897372282178285	-0.02786914936431638
mean_AVF	-0.5262253264241035	0.9802519522808206	-0.8359959630265686	-0.8359959630265686	0.40897372282178285	1.0	-0.6713984947246113
page_wr_ratio	0.7259054734834972	-0.6408161139859264	0.7757964573508908	0.7757964573508908	-0.02786914936431638	-0.6713984947246113	1.0
