	access#	AVF	wr_ratio	wr#	rd#	mean_AVF	page_wr_ratio
access#	1.0	0.9169976077494558	0.05931837309837022	0.05931837309837022	0.999988433704441	0.14864908894925957	-0.0007658368668093274
AVF	0.9169976077494558	1.0	0.007681219936594094	0.007681219936594094	0.9172120724692545	0.2784634871786901	-0.006032133128416605
wr_ratio	0.05931837309837022	0.007681219936594094	1.0	1.0	0.05451653486482484	-0.0405041769226477	0.6899001527252723
wr#	0.05931837309837022	0.007681219936594094	1.0	1.0	0.05451653486482484	-0.0405041769226477	0.6899001527252723
rd#	0.999988433704441	0.9172120724692545	0.05451653486482484	0.05451653486482484	1.0	0.14888500725921724	-0.004090058579386031
mean_AVF	0.14864908894925957	0.2784634871786901	-0.0405041769226477	-0.0405041769226477	0.14888500725921724	1.0	-0.033764944120373966
page_wr_ratio	-0.0007658368668093274	-0.006032133128416605	0.6899001527252723	0.6899001527252723	-0.004090058579386031	-0.033764944120373966	1.0
