	access#	AVF	wr_ratio	wr#	rd#	mean_AVF	page_wr_ratio
access#	1.0	0.8947433466772757			1.0	-0.018179438300408694	
AVF	0.8947433466772757	1.0			0.8947433466772756	0.2327025118803401	
wr_ratio							
wr#							
rd#	1.0	0.8947433466772756			1.0	-0.018179438300408694	
mean_AVF	-0.018179438300408694	0.2327025118803401			-0.018179438300408694	1.0	
page_wr_ratio							
