	access#	AVF	wr_ratio	wr#	rd#	mean_AVF	page_wr_ratio
access#	1.0	0.641794512581834	0.08642749511597854	0.08642749511597854	0.9844968173769708	0.03440753261942609	0.13067799645285677
AVF	0.641794512581834	1.0	-0.17059529691130326	-0.17059529691130326	0.6716457607473105	0.6573912673018536	-0.1560817758591158
wr_ratio	0.08642749511597854	-0.17059529691130326	1.0	1.0	-0.08965851708010117	-0.20189015109704314	0.9890301229027033
wr#	0.08642749511597854	-0.17059529691130326	1.0	1.0	-0.08965851708010117	-0.20189015109704314	0.9890301229027033
rd#	0.9844968173769708	0.6716457607473105	-0.08965851708010117	-0.08965851708010117	1.0	0.06994269954804018	-0.06498983494102245
mean_AVF	0.03440753261942609	0.6573912673018536	-0.20189015109704314	-0.20189015109704314	0.06994269954804018	1.0	-0.17518372590694647
page_wr_ratio	0.13067799645285677	-0.1560817758591158	0.9890301229027033	0.9890301229027033	-0.06498983494102245	-0.17518372590694647	1.0
