	access#	AVF	wr_ratio	wr#	rd#	mean_AVF	page_wr_ratio
access#	1.0	0.9954181898371529			1.0	-0.18715892119952313	
AVF	0.9954181898371529	1.0			0.9954181898371529	-0.12617889251794898	
wr_ratio							
wr#							
rd#	1.0	0.9954181898371529			1.0	-0.18715892119952313	
mean_AVF	-0.18715892119952313	-0.12617889251794898			-0.18715892119952313	1.0	
page_wr_ratio							
