	access#	AVF	wr_ratio	wr#	rd#	mean_AVF	page_wr_ratio
access#	1.0	-0.04309737067297568	0.6463232285783631	0.6463232285783631	0.6298120754936047	-0.5198370459021068	0.1978200439317506
AVF	-0.04309737067297568	1.0	-0.6333500063334228	-0.6333500063334228	0.5892100964737791	0.5646562867316011	-0.15954689767740474
wr_ratio	0.6463232285783631	-0.6333500063334228	1.0	1.0	-0.1856457196986549	-0.7435955821163595	0.29193132313724707
wr#	0.6463232285783631	-0.6333500063334228	1.0	1.0	-0.1856457196986549	-0.7435955821163595	0.29193132313724707
rd#	0.6298120754936047	0.5892100964737791	-0.1856457196986549	-0.1856457196986549	1.0	0.0875227760244213	-0.02596740017837134
mean_AVF	-0.5198370459021068	0.5646562867316011	-0.7435955821163595	-0.7435955821163595	0.0875227760244213	1.0	-0.2001113017704996
page_wr_ratio	0.1978200439317506	-0.15954689767740474	0.29193132313724707	0.29193132313724707	-0.02596740017837134	-0.2001113017704996	1.0
